{
    "plots": [
        {
            "label": "y1",
            "xs": [
                0.0,
                0.01587301678955555,
                0.0317460335791111,
                0.0476190485060215,
                0.0634920671582222,
                0.0793650820851326,
                0.095238097012043,
                0.1111111119389534,
                0.1269841343164444,
                0.1428571492433548,
                0.1587301641702652,
                0.1746031790971756,
                0.190476194024086,
                0.2063492089509964,
                0.2222222238779068,
                0.2380952388048172,
                0.2539682686328888,
                0.2698412835597992,
                0.2857142984867096,
                0.30158731341362,
                0.3174603283405304,
                0.3333333432674408,
                0.3492063581943512,
                0.3650793731212616,
                0.380952388048172,
                0.3968254029750824,
                0.4126984179019928,
                0.4285714328289032,
                0.4444444477558136,
                0.460317462682724,
                0.4761904776096344,
                0.4920634925365448,
                0.5079365372657776,
                0.523809552192688,
                0.5396825671195984,
                0.5555555820465088,
                0.5714285969734192,
                0.5873016119003296,
                0.60317462682724,
                0.6190476417541504,
                0.6349206566810608,
                0.6507936716079712,
                0.6666666865348816,
                0.682539701461792,
                0.6984127163887024,
                0.7142857313156128,
                0.7301587462425232,
                0.7460317611694336,
                0.761904776096344,
                0.7777777910232544,
                0.7936508059501648,
                0.8095238208770752,
                0.8253968358039856,
                0.841269850730896,
                0.8571428656578064,
                0.8730158805847168,
                0.8888888955116272,
                0.9047619104385376,
                0.920634925365448,
                0.9365079402923584,
                0.9523809552192688,
                0.9682539701461792,
                0.9841269850730896,
                1.0
            ],
            "ys": [
                1.0,
                0.9843219518661499,
                0.9687761068344116,
                0.9535780549049377,
                0.9385243654251099,
                0.9237915873527527,
                0.9092146158218384,
                0.8948526978492737,
                0.8808175921440125,
                0.8669103384017944,
                0.853304922580719,
                0.8398380279541016,
                0.8265698552131653,
                0.8136086463928223,
                0.8007605075836182,
                0.7881960868835449,
                0.7757548093795776,
                0.76357501745224,
                0.7515276670455933,
                0.739657998085022,
                0.728054940700531,
                0.7165610194206238,
                0.7053132653236389,
                0.6941832304000854,
                0.6832175254821777,
                0.672502338886261,
                0.6618837118148804,
                0.6514965891838074,
                0.6412141919136047,
                0.631083607673645,
                0.6211883425712585,
                0.6113784313201904,
                0.6017860174179077,
                0.5922867059707642,
                0.5829880833625793,
                0.5737895369529724,
                0.564726710319519,
                0.5558683276176453,
                0.5470923185348511,
                0.5385051369667053,
                0.5300071239471436,
                0.5216345191001892,
                0.5134539008140564,
                0.5053463578224182,
                0.497416228055954,
                0.48956534266471863,
                0.481830358505249,
                0.47427576780319214,
                0.46678563952445984,
                0.45946234464645386,
                0.45220935344696045,
                0.4451102614402771,
                0.4380868971347809,
                0.43116718530654907,
                0.42440423369407654,
                0.4177035689353943,
                0.41114768385887146,
                0.4046591818332672,
                0.39826643466949463,
                0.39202094078063965,
                0.3858305513858795,
                0.3797762989997864,
                0.3737819492816925,
                0.3678760528564453
            ]
        },
        {
            "label": "y2",
            "xs": [
                0.0,
                0.01587301678955555,
                0.0317460335791111,
                0.0476190485060215,
                0.0634920671582222,
                0.0793650820851326,
                0.095238097012043,
                0.1111111119389534,
                0.1269841343164444,
                0.1428571492433548,
                0.1587301641702652,
                0.1746031790971756,
                0.190476194024086,
                0.2063492089509964,
                0.2222222238779068,
                0.2380952388048172,
                0.2539682686328888,
                0.2698412835597992,
                0.2857142984867096,
                0.30158731341362,
                0.3174603283405304,
                0.3333333432674408,
                0.3492063581943512,
                0.3650793731212616,
                0.380952388048172,
                0.3968254029750824,
                0.4126984179019928,
                0.4285714328289032,
                0.4444444477558136,
                0.460317462682724,
                0.4761904776096344,
                0.4920634925365448,
                0.5079365372657776,
                0.523809552192688,
                0.5396825671195984,
                0.5555555820465088,
                0.5714285969734192,
                0.5873016119003296,
                0.60317462682724,
                0.6190476417541504,
                0.6349206566810608,
                0.6507936716079712,
                0.6666666865348816,
                0.682539701461792,
                0.6984127163887024,
                0.7142857313156128,
                0.7301587462425232,
                0.7460317611694336,
                0.761904776096344,
                0.7777777910232544,
                0.7936508059501648,
                0.8095238208770752,
                0.8253968358039856,
                0.841269850730896,
                0.8571428656578064,
                0.8730158805847168,
                0.8888888955116272,
                0.9047619104385376,
                0.920634925365448,
                0.9365079402923584,
                0.9523809552192688,
                0.9682539701461792,
                0.9841269850730896,
                1.0
            ],